,type,uuid,imageid
0,text,30a7d9c0-eee9-0133-86a0-00505686a51c,5732648
1,text,30c6b2e0-eee9-0133-026c-00505686a51c,5732649
2,text,30df81e0-eee9-0133-766c-00505686a51c,5732650
3,text,30f781e0-eee9-0133-47d8-00505686a51c,5732651
4,text,310fdd10-eee9-0133-1392-00505686a51c,5732652
5,text,312784b0-eee9-0133-1bd2-00505686a51c,5732653
6,text,313eae30-eee9-0133-0b5f-00505686a51c,5732654
7,text,31564460-eee9-0133-bc27-00505686a51c,5732655
8,text,316eae50-eee9-0133-3019-00505686a51c,5732656
9,text,31862cb0-eee9-0133-d0f1-00505686a51c,5732657
10,text,30a7d9c0-eee9-0133-86a0-00505686a51c,5732648
11,text,30c6b2e0-eee9-0133-026c-00505686a51c,5732649
12,text,30df81e0-eee9-0133-766c-00505686a51c,5732650
13,text,30f781e0-eee9-0133-47d8-00505686a51c,5732651
14,text,310fdd10-eee9-0133-1392-00505686a51c,5732652
15,text,312784b0-eee9-0133-1bd2-00505686a51c,5732653
16,text,313eae30-eee9-0133-0b5f-00505686a51c,5732654
17,text,31564460-eee9-0133-bc27-00505686a51c,5732655
18,text,316eae50-eee9-0133-3019-00505686a51c,5732656
19,text,31862cb0-eee9-0133-d0f1-00505686a51c,5732657
